time(s), standardDev, maxDelta, minDelta
86.79709490, 0.04025919, 0.03167192, 0.05680998
