time(s), standardDev, maxDelta, minDelta
14.59142542, 0.02417119, 0.03417563, 0.01771140
