time(s), standardDev, maxDelta, minDelta
123.15023836, 1.19378884, 1.51548449, 1.40208515
