time(s), standardDev, maxDelta, minDelta
111.01488821, 0.90336415, 1.17005165, 1.02924935
