time(s), standardDev, maxDelta, minDelta
43.37567306, 0.00218911, 0.00295591, 0.00227499
