time(s), standardDev, maxDelta, minDelta
580.63051939, 6.73453374, 7.88069367, 8.57196832
