time(s), standardDev, maxDelta, minDelta
1151.23666167, 29.06053674, 41.05445337, 22.16157269
