threadsPerRank, ranks, time(s), standardDev, maxDelta, minDelta, speedup
24, 1, 118.51088532, 0.25935108, 0.27276580, 0.34873541, 1 
24, 4, 48.45092169, 3.50605612, 4.88341626, 3.18523256, 2.45
24, 16, 18.61677130, 1.85761509, 2.62691061, 1.33807739, 6.37
