threadsPerRank, ranks, time(s), standardDev, maxDelta, minDelta, speedup
24, 32, 442.35480197, 5.51152607, 6.12700001, 7.23606308, 1
24, 64, 263.27940607, 1.33124079, 1.57515407, 1.68058896, 1.68
24, 128, 123.15023836, 1.19378884, 1.51548449, 1.40208515, 3.59 
