time(s), standardDev, maxDelta, minDelta
18.29041195, 0.08016306, 0.07870793, 0.11001492
