time(s), standardDev, maxDelta, minDelta
3041.22709870, 0.17963584, 0.18028951, 0.24514580
