time(s), standardDev, maxDelta, minDelta
15.83217700, 0.32397908, 0.39902703, 0.39451798
