time(s), standardDev, maxDelta, minDelta
18.61677130, 1.85761509, 2.62691061, 1.33807739
