time(s), standardDev, maxDelta, minDelta
118.51088532, 0.25935108, 0.27276580, 0.34873541
