time(s), standardDev, maxDelta, minDelta
1552.93165159, 11.54412630, 9.22476435, 16.27763271
