time(s), standardDev, maxDelta, minDelta
1142.96749099, 26.41387789, 28.82557289, 34.98835882
