time(s), standardDev, maxDelta, minDelta
1632.38013498, 28.78045502, 29.93776210, 38.84920112
