time(s), standardDev, maxDelta, minDelta
236.18458303, 2.34356381, 2.07626406, 3.27538093
