time(s), standardDev, maxDelta, minDelta
263.27940607, 1.33124079, 1.57515407, 1.68058896
