time(s), standardDev, maxDelta, minDelta
97.03351990, 0.01202719, 0.01069697, 0.01680104
