time(s), standardDev, maxDelta, minDelta
62.60965665, 0.60849996, 0.71685044, 0.77073868
