time(s), standardDev, maxDelta, minDelta
42.12997230, 0.03867699, 0.05142872, 0.04184445
