time(s), standardDev, maxDelta, minDelta
48.45092169, 3.50605612, 4.88341626, 3.18523256
