time(s), standardDev, maxDelta, minDelta
442.35480197, 5.51152607, 6.12700001, 7.23606308
