time(s), standardDev, maxDelta, minDelta
433.15583269, 26.54742542, 37.16626724, 23.18206064
