time(s), standardDev, maxDelta, minDelta
415.12750069, 6.16405030, 6.15039428, 8.42522160
