time(s), standardDev, maxDelta, minDelta
43.79724471, 0.78223765, 0.72952541, 1.08496277
