time(s), standardDev, maxDelta, minDelta
58.02641312, 0.27049891, 0.30010088, 0.35549895
