time(s), standardDev, maxDelta, minDelta
30.78223801, 0.02229453, 0.02726197, 0.02734804
