time(s), standardDev, maxDelta, minDelta
31.67417796, 0.16449749, 0.16010992, 0.22621497
