time(s), standardDev, maxDelta, minDelta
9.84937096, 0.04469929, 0.04539299, 0.06079698
