time(s), standardDev, maxDelta, minDelta
78.88743186, 3.85417051, 3.49247098, 5.37031198
