time(s), standardDev, maxDelta, minDelta
558.52574706, 5.60474264, 5.67714000, 7.62890100
